,성별코드,가맹점업종명,시군구명,총결제금액
0,F,가구,가평군,306600
1,F,가구,고양시 일산동구,15016000
2,F,가구,고양시 일산서구,2847400
3,F,가구,과천시,695400
4,F,가구,광명시,2354010
5,F,가구,광주시,1328900
6,F,가구,구리시,30000
7,F,가구,군포시,867000
8,F,가구,남양주시,2720080
9,F,가구,동두천시,6700
10,F,가구,부천시,5460500
11,F,가구,수원시 권선구,70590102
12,F,가구,수원시 영통구,19950
13,F,가구,수원시 장안구,65000
14,F,가구,수원시 팔달구,12000
15,F,가구,안산시 단원구,27041461
16,F,가구,안산시 상록구,83139600
17,F,가구,안성시,240000
18,F,가구,양주시,2326000
19,F,가구,양평군,1698010
20,F,가구,여주시,1304400
21,F,가구,오산시,3786000
22,F,가구,용인시 기흥구,10
23,F,가구,용인시 처인구,421000
24,F,가구,의정부시,867900
25,F,가구,파주시,1260500
26,F,가구,하남시,1045100
27,F,가구,화성시,600000
28,F,건강식품,가평군,320000
29,F,건강식품,고양시 덕양구,1256400
30,F,건강식품,고양시 일산동구,1258200
31,F,건강식품,고양시 일산서구,5107359
32,F,건강식품,과천시,6794179
33,F,건강식품,광명시,899370
34,F,건강식품,광주시,741100
35,F,건강식품,구리시,56500
36,F,건강식품,군포시,9076782
37,F,건강식품,남양주시,2112600
38,F,건강식품,동두천시,622500
39,F,건강식품,부천시,12630800
40,F,건강식품,수원시 권선구,983900
41,F,건강식품,수원시 영통구,1901612
42,F,건강식품,수원시 장안구,1379100
43,F,건강식품,수원시 팔달구,2296300
44,F,건강식품,안산시 단원구,6300976
45,F,건강식품,안산시 상록구,1237200
46,F,건강식품,안성시,521100
47,F,건강식품,양주시,2334600
48,F,건강식품,양평군,1690000
49,F,건강식품,여주시,329200
50,F,건강식품,오산시,2919900
51,F,건강식품,용인시 기흥구,1159300
52,F,건강식품,용인시 수지구,7011410
53,F,건강식품,용인시 처인구,1693600
54,F,건강식품,의정부시,2531300
55,F,건강식품,이천시,1019800
56,F,건강식품,파주시,1728000
57,F,건강식품,포천시,38000
58,F,건강식품,하남시,4821330
59,F,건강식품,화성시,11056300
60,F,건축자재,가평군,756750
61,F,건축자재,고양시 덕양구,415500
62,F,건축자재,고양시 일산동구,397750
63,F,건축자재,고양시 일산서구,1186100
64,F,건축자재,과천시,300000
65,F,건축자재,광명시,505951
66,F,건축자재,광주시,198750
67,F,건축자재,구리시,154200
68,F,건축자재,군포시,7472750
69,F,건축자재,남양주시,532770
70,F,건축자재,동두천시,10000
71,F,건축자재,부천시,4793770
72,F,건축자재,수원시 권선구,362200
73,F,건축자재,수원시 영통구,83000
74,F,건축자재,수원시 장안구,476250
75,F,건축자재,수원시 팔달구,19800
76,F,건축자재,안산시 단원구,277475
77,F,건축자재,안산시 상록구,2952300
78,F,건축자재,안성시,160750
79,F,건축자재,양주시,525150
80,F,건축자재,양평군,7473220
81,F,건축자재,여주시,79000
82,F,건축자재,연천군,239270
83,F,건축자재,오산시,50500
84,F,건축자재,용인시 기흥구,161500
85,F,건축자재,용인시 수지구,569300
86,F,건축자재,용인시 처인구,66400
87,F,건축자재,의정부시,1017700
88,F,건축자재,이천시,193000
89,F,건축자재,파주시,673000
90,F,건축자재,하남시,1797490
91,F,건축자재,화성시,2099260
92,F,광학제품,가평군,101000
93,F,광학제품,고양시 덕양구,1156500
94,F,광학제품,고양시 일산동구,7619800
95,F,광학제품,고양시 일산서구,1991600
96,F,광학제품,과천시,755000
97,F,광학제품,광명시,1514020
98,F,광학제품,광주시,229800
99,F,광학제품,구리시,213800
100,F,광학제품,군포시,2768000
101,F,광학제품,남양주시,497500
102,F,광학제품,동두천시,289000
103,F,광학제품,부천시,7347350
104,F,광학제품,수원시 권선구,830000
105,F,광학제품,수원시 영통구,1093000
106,F,광학제품,수원시 장안구,146000
107,F,광학제품,수원시 팔달구,284000
108,F,광학제품,안산시 단원구,2663000
109,F,광학제품,안산시 상록구,811300
110,F,광학제품,안성시,100000
111,F,광학제품,양주시,1177000
112,F,광학제품,양평군,1730700
113,F,광학제품,연천군,365000
114,F,광학제품,오산시,215000
115,F,광학제품,용인시 기흥구,699000
116,F,광학제품,용인시 수지구,155000
117,F,광학제품,용인시 처인구,400600
118,F,광학제품,의정부시,2232500
119,F,광학제품,이천시,194600
120,F,광학제품,파주시,477100
121,F,광학제품,하남시,2840500
122,F,광학제품,화성시,6445578
123,F,기타,가평군,438150
124,F,기타,고양시 덕양구,2565900
125,F,기타,고양시 일산동구,2422000
126,F,기타,고양시 일산서구,1707000
127,F,기타,과천시,4200
128,F,기타,광명시,513130
129,F,기타,광주시,325000
130,F,기타,구리시,123000
131,F,기타,군포시,4518500
132,F,기타,남양주시,260350
133,F,기타,부천시,9062850
134,F,기타,수원시 권선구,1040200
135,F,기타,수원시 영통구,372800
136,F,기타,수원시 장안구,499850
137,F,기타,수원시 팔달구,109500
138,F,기타,안산시 단원구,2174820
139,F,기타,안산시 상록구,521960
140,F,기타,안성시,88650
141,F,기타,양주시,387000
142,F,기타,양평군,2137000
143,F,기타,여주시,2082020
144,F,기타,연천군,937140
145,F,기타,오산시,168630
146,F,기타,용인시 기흥구,2212740
147,F,기타,용인시 수지구,57500
148,F,기타,용인시 처인구,596050
149,F,기타,의정부시,753810
150,F,기타,이천시,410500
151,F,기타,파주시,101300
152,F,기타,하남시,6049600
153,F,기타,화성시,751400
154,F,기타의료기관,가평군,195000
155,F,기타의료기관,고양시 덕양구,39594474
156,F,기타의료기관,고양시 일산동구,89936120
157,F,기타의료기관,고양시 일산서구,25024550
158,F,기타의료기관,과천시,1952900
159,F,기타의료기관,광명시,13976090
160,F,기타의료기관,광주시,944700
161,F,기타의료기관,구리시,6438690
162,F,기타의료기관,군포시,30157511
163,F,기타의료기관,남양주시,12927640
164,F,기타의료기관,동두천시,2183770
165,F,기타의료기관,부천시,100430102
166,F,기타의료기관,수원시 권선구,30598680
167,F,기타의료기관,수원시 영통구,28562150
168,F,기타의료기관,수원시 장안구,8289810
169,F,기타의료기관,수원시 팔달구,8473950
170,F,기타의료기관,안산시 단원구,26145570
171,F,기타의료기관,안산시 상록구,5383950
172,F,기타의료기관,안성시,244900
173,F,기타의료기관,양주시,15415510
174,F,기타의료기관,양평군,7970710
175,F,기타의료기관,여주시,452450
176,F,기타의료기관,연천군,356400
177,F,기타의료기관,오산시,1176700
178,F,기타의료기관,용인시 기흥구,26450190
179,F,기타의료기관,용인시 수지구,24350980
180,F,기타의료기관,용인시 처인구,5076820
181,F,기타의료기관,의정부시,19842390
182,F,기타의료기관,이천시,3438000
183,F,기타의료기관,파주시,14683180
184,F,기타의료기관,하남시,49204414
185,F,기타의료기관,화성시,113696445
186,F,농업,가평군,110000
187,F,농업,고양시 덕양구,80500
188,F,농업,고양시 일산서구,54000
189,F,농업,광주시,158000
190,F,농업,구리시,36000
191,F,농업,남양주시,194500
192,F,농업,동두천시,391900
193,F,농업,부천시,43000
194,F,농업,수원시 권선구,323259
195,F,농업,수원시 팔달구,212800
196,F,농업,안산시 단원구,5000
197,F,농업,안성시,30300
198,F,농업,양주시,176900
199,F,농업,양평군,5510320
200,F,농업,여주시,173500
201,F,농업,연천군,442900
202,F,농업,오산시,23000
203,F,농업,용인시 기흥구,112000
204,F,농업,용인시 처인구,82000
205,F,농업,의정부시,23000
206,F,농업,이천시,47000
207,F,농업,파주시,133000
208,F,농업,평택시,10000
209,F,농업,하남시,75000
210,F,농업,화성시,535300
211,F,레저업소,가평군,1378300
212,F,레저업소,고양시 덕양구,53379730
213,F,레저업소,고양시 일산동구,26422200
214,F,레저업소,고양시 일산서구,32275900
215,F,레저업소,과천시,24540200
216,F,레저업소,광명시,16563970
217,F,레저업소,광주시,5142750
218,F,레저업소,구리시,6185880
219,F,레저업소,군포시,69165751
220,F,레저업소,남양주시,27143317
221,F,레저업소,동두천시,1430800
222,F,레저업소,부천시,104633690
223,F,레저업소,수원시 권선구,15922300
224,F,레저업소,수원시 영통구,32737917
225,F,레저업소,수원시 장안구,13385550
226,F,레저업소,수원시 팔달구,6815500
227,F,레저업소,안산시 단원구,30193838
228,F,레저업소,안산시 상록구,12268010
229,F,레저업소,안성시,6264600
230,F,레저업소,양주시,27665700
231,F,레저업소,양평군,15645200
232,F,레저업소,여주시,1355300
233,F,레저업소,연천군,3758500
234,F,레저업소,오산시,3328000
235,F,레저업소,용인시 기흥구,17398300
236,F,레저업소,용인시 수지구,11380000
237,F,레저업소,용인시 처인구,3228300
238,F,레저업소,의정부시,30168304
239,F,레저업소,이천시,6534500
240,F,레저업소,파주시,24624010
241,F,레저업소,하남시,86179407
242,F,레저업소,화성시,102806392
243,F,레져용품,가평군,306800
244,F,레져용품,고양시 덕양구,6410700
245,F,레져용품,고양시 일산동구,7193800
246,F,레져용품,고양시 일산서구,11278810
247,F,레져용품,과천시,2185000
248,F,레져용품,광명시,3650020
249,F,레져용품,광주시,465800
250,F,레져용품,구리시,1370100
251,F,레져용품,군포시,15740600
252,F,레져용품,남양주시,11083500
253,F,레져용품,동두천시,1380400
254,F,레져용품,부천시,38373100
255,F,레져용품,수원시 권선구,4741400
256,F,레져용품,수원시 영통구,1171800
257,F,레져용품,수원시 장안구,2119400
258,F,레져용품,수원시 팔달구,2996600
259,F,레져용품,안산시 단원구,8224600
260,F,레져용품,안산시 상록구,16260250
261,F,레져용품,안성시,580900
262,F,레져용품,양주시,3181600
263,F,레져용품,양평군,25943540
264,F,레져용품,여주시,834700
265,F,레져용품,연천군,9763330
266,F,레져용품,오산시,3762100
267,F,레져용품,용인시 기흥구,4012050
268,F,레져용품,용인시 수지구,2168935
269,F,레져용품,용인시 처인구,3373510
270,F,레져용품,의정부시,5477800
271,F,레져용품,이천시,2450200
272,F,레져용품,파주시,2371300
273,F,레져용품,하남시,20200292
274,F,레져용품,화성시,17239900
275,F,문화.취미,가평군,1651600
276,F,문화.취미,고양시 덕양구,9505090
277,F,문화.취미,고양시 일산동구,6766040
278,F,문화.취미,고양시 일산서구,6136200
279,F,문화.취미,과천시,1934400
280,F,문화.취미,광명시,6905710
281,F,문화.취미,광주시,1623380
282,F,문화.취미,구리시,1378100
283,F,문화.취미,군포시,17180700
284,F,문화.취미,남양주시,20754520
285,F,문화.취미,동두천시,760500
286,F,문화.취미,부천시,35258780
287,F,문화.취미,수원시 권선구,3760201
288,F,문화.취미,수원시 영통구,4411300
289,F,문화.취미,수원시 장안구,2749300
290,F,문화.취미,수원시 팔달구,5263800
291,F,문화.취미,안산시 단원구,6877500
292,F,문화.취미,안산시 상록구,6269240
293,F,문화.취미,안성시,1707620
294,F,문화.취미,양주시,10585870
295,F,문화.취미,양평군,16291770
296,F,문화.취미,여주시,1352500
297,F,문화.취미,연천군,4196250
298,F,문화.취미,오산시,2683950
299,F,문화.취미,용인시 기흥구,2115910
300,F,문화.취미,용인시 수지구,863500
301,F,문화.취미,용인시 처인구,3061980
302,F,문화.취미,의정부시,6310670
303,F,문화.취미,이천시,1754000
304,F,문화.취미,파주시,3697510
305,F,문화.취미,평택시,44000
306,F,문화.취미,하남시,12868920
307,F,문화.취미,화성시,14835780
308,F,병원,가평군,4000
309,F,병원,고양시 덕양구,31600
310,F,병원,고양시 일산동구,11500
311,F,병원,과천시,382000
312,F,병원,광명시,1958400
313,F,병원,광주시,1394000
314,F,병원,군포시,82804701
315,F,병원,남양주시,4677350
316,F,병원,동두천시,173800
317,F,병원,부천시,4628130
318,F,병원,수원시 장안구,515300
319,F,병원,수원시 팔달구,78200
320,F,병원,안산시 단원구,15635434
321,F,병원,안산시 상록구,7483924
322,F,병원,안성시,2783150
323,F,병원,양주시,42100
324,F,병원,양평군,33229780
325,F,병원,여주시,14100
326,F,병원,오산시,5761780
327,F,병원,용인시 기흥구,5503020
328,F,병원,용인시 수지구,9515000
329,F,병원,용인시 처인구,1215360
330,F,병원,이천시,9003650
331,F,병원,하남시,14662280
332,F,병원,화성시,5171010
333,F,보건위생,가평군,4909540
334,F,보건위생,고양시 덕양구,78166834
335,F,보건위생,고양시 일산동구,97965552
336,F,보건위생,고양시 일산서구,83540390
337,F,보건위생,과천시,31723820
338,F,보건위생,광명시,72396420
339,F,보건위생,광주시,14490420
340,F,보건위생,구리시,24729660
341,F,보건위생,군포시,182675148
342,F,보건위생,남양주시,81141950
343,F,보건위생,동두천시,11948020
344,F,보건위생,부천시,352978811
345,F,보건위생,수원시 권선구,32049240
346,F,보건위생,수원시 영통구,65060139
347,F,보건위생,수원시 장안구,35353040
348,F,보건위생,수원시 팔달구,35264970
349,F,보건위생,안산시 단원구,75091868
350,F,보건위생,안산시 상록구,41452000
351,F,보건위생,안성시,11460110
352,F,보건위생,안양시 동안구,160000
353,F,보건위생,양주시,63325802
354,F,보건위생,양평군,59156996
355,F,보건위생,여주시,6924100
356,F,보건위생,연천군,19347200
357,F,보건위생,오산시,18215850
358,F,보건위생,용인시 기흥구,33912340
359,F,보건위생,용인시 수지구,25534064
360,F,보건위생,용인시 처인구,15068620
361,F,보건위생,의정부시,67510125
362,F,보건위생,이천시,19797660
363,F,보건위생,파주시,43338890
364,F,보건위생,하남시,131286110
365,F,보건위생,화성시,228970387
366,F,사무통신,가평군,95000
367,F,사무통신,고양시 덕양구,1281050
368,F,사무통신,고양시 일산동구,293650
369,F,사무통신,고양시 일산서구,264500
370,F,사무통신,과천시,921150
371,F,사무통신,광명시,221400
372,F,사무통신,광주시,142800
373,F,사무통신,구리시,427000
374,F,사무통신,군포시,485300
375,F,사무통신,남양주시,203010
376,F,사무통신,동두천시,31000
377,F,사무통신,부천시,1987900
378,F,사무통신,수원시 권선구,517550
379,F,사무통신,수원시 영통구,83450
380,F,사무통신,수원시 장안구,168000
381,F,사무통신,수원시 팔달구,169400
382,F,사무통신,안산시 단원구,351150
383,F,사무통신,안산시 상록구,2516500
384,F,사무통신,안성시,101000
385,F,사무통신,양주시,162000
386,F,사무통신,양평군,828300
387,F,사무통신,연천군,233100
388,F,사무통신,오산시,10200
389,F,사무통신,용인시 기흥구,61650
390,F,사무통신,용인시 수지구,181000
391,F,사무통신,용인시 처인구,42000
392,F,사무통신,의정부시,924250
393,F,사무통신,이천시,328400
394,F,사무통신,파주시,48400
395,F,사무통신,하남시,608350
396,F,사무통신,화성시,547450
397,F,서적문구,가평군,655600
398,F,서적문구,고양시 덕양구,22868160
399,F,서적문구,고양시 일산동구,11825725
400,F,서적문구,고양시 일산서구,8152760
401,F,서적문구,과천시,9914020
402,F,서적문구,광명시,6420310
403,F,서적문구,광주시,1549600
404,F,서적문구,구리시,1985825
405,F,서적문구,군포시,51272480
406,F,서적문구,남양주시,6393310
407,F,서적문구,동두천시,2149250
408,F,서적문구,부천시,27581994
409,F,서적문구,수원시 권선구,1762470
410,F,서적문구,수원시 영통구,9357960
411,F,서적문구,수원시 장안구,4753380
412,F,서적문구,수원시 팔달구,3562600
413,F,서적문구,안산시 단원구,22042329
414,F,서적문구,안산시 상록구,9052060
415,F,서적문구,안성시,1604760
416,F,서적문구,양주시,7331020
417,F,서적문구,양평군,16947790
418,F,서적문구,여주시,94000
419,F,서적문구,연천군,2199770
420,F,서적문구,오산시,6123564
421,F,서적문구,용인시 기흥구,3886622
422,F,서적문구,용인시 수지구,7057990
423,F,서적문구,용인시 처인구,1689390
424,F,서적문구,의정부시,6559960
425,F,서적문구,이천시,1704350
426,F,서적문구,파주시,9179900
427,F,서적문구,하남시,20869135
428,F,서적문구,화성시,53677860
429,F,수리서비스,가평군,170090
430,F,수리서비스,고양시 덕양구,5665700
431,F,수리서비스,고양시 일산동구,5854730
432,F,수리서비스,고양시 일산서구,2586100
433,F,수리서비스,과천시,780730
434,F,수리서비스,광명시,4784730
435,F,수리서비스,광주시,1785610
436,F,수리서비스,구리시,1888870
437,F,수리서비스,군포시,13606490
438,F,수리서비스,남양주시,7233280
439,F,수리서비스,동두천시,842400
440,F,수리서비스,부천시,21087104
441,F,수리서비스,수원시 권선구,3415260
442,F,수리서비스,수원시 영통구,5659570
443,F,수리서비스,수원시 장안구,2509490
444,F,수리서비스,수원시 팔달구,1716160
445,F,수리서비스,안산시 단원구,7039380
446,F,수리서비스,안산시 상록구,3487170
447,F,수리서비스,안성시,1242050
448,F,수리서비스,양주시,5568487
449,F,수리서비스,양평군,4757350
450,F,수리서비스,여주시,570900
451,F,수리서비스,연천군,2787200
452,F,수리서비스,오산시,1524250
453,F,수리서비스,용인시 기흥구,3461450
454,F,수리서비스,용인시 수지구,3905730
455,F,수리서비스,용인시 처인구,729680
456,F,수리서비스,의정부시,3871190
457,F,수리서비스,이천시,1064090
458,F,수리서비스,파주시,2709980
459,F,수리서비스,하남시,8985390
460,F,수리서비스,화성시,18829502
461,F,숙박업,가평군,768400
462,F,숙박업,고양시 덕양구,649026
463,F,숙박업,고양시 일산동구,90000
464,F,숙박업,고양시 일산서구,401000
465,F,숙박업,광명시,673000
466,F,숙박업,광주시,61500
467,F,숙박업,군포시,199000
468,F,숙박업,남양주시,50000
469,F,숙박업,동두천시,20000
470,F,숙박업,부천시,3493000
471,F,숙박업,수원시 권선구,605000
472,F,숙박업,수원시 영통구,275000
473,F,숙박업,수원시 팔달구,987800
474,F,숙박업,안산시 단원구,35000
475,F,숙박업,안성시,100000
476,F,숙박업,양주시,25000
477,F,숙박업,양평군,3008900
478,F,숙박업,연천군,310000
479,F,숙박업,오산시,80000
480,F,숙박업,용인시 기흥구,100000
481,F,숙박업,용인시 수지구,45000
482,F,숙박업,용인시 처인구,90000
483,F,숙박업,의정부시,159000
484,F,숙박업,이천시,85000
485,F,숙박업,파주시,65000
486,F,숙박업,포천시,116000
487,F,숙박업,하남시,1138000
488,F,숙박업,화성시,346500
489,F,신변잡화,가평군,2979580
490,F,신변잡화,고양시 덕양구,6333730
491,F,신변잡화,고양시 일산동구,6908130
492,F,신변잡화,고양시 일산서구,2879890
493,F,신변잡화,과천시,3510500
494,F,신변잡화,광명시,6295450
495,F,신변잡화,광주시,1433700
496,F,신변잡화,구리시,1245910
497,F,신변잡화,군포시,25301210
498,F,신변잡화,남양주시,6868680
499,F,신변잡화,동두천시,1709100
500,F,신변잡화,부천시,37982000
501,F,신변잡화,수원시 권선구,2673080
502,F,신변잡화,수원시 영통구,3321100
503,F,신변잡화,수원시 장안구,2358950
504,F,신변잡화,수원시 팔달구,3623561
505,F,신변잡화,안산시 단원구,7427570
506,F,신변잡화,안산시 상록구,6724435
507,F,신변잡화,안성시,748340
508,F,신변잡화,양주시,5132480
509,F,신변잡화,양평군,12031726
510,F,신변잡화,여주시,2697320
511,F,신변잡화,연천군,3309910
512,F,신변잡화,오산시,5774180
513,F,신변잡화,용인시 기흥구,2238630
514,F,신변잡화,용인시 수지구,774200
515,F,신변잡화,용인시 처인구,3230550
516,F,신변잡화,의정부시,7144014
517,F,신변잡화,이천시,2069590
518,F,신변잡화,파주시,1618780
519,F,신변잡화,하남시,5697900
520,F,신변잡화,화성시,7726170
521,F,약국,가평군,2147260
522,F,약국,고양시 덕양구,25939633
523,F,약국,고양시 일산동구,14784950
524,F,약국,고양시 일산서구,21626822
525,F,약국,과천시,7556200
526,F,약국,광명시,17262821
527,F,약국,광주시,5252210
528,F,약국,구리시,6649250
529,F,약국,군포시,104710850
530,F,약국,남양주시,22979798
531,F,약국,동두천시,3259200
532,F,약국,부천시,93989351
533,F,약국,수원시 권선구,7064060
534,F,약국,수원시 영통구,11587500
535,F,약국,수원시 장안구,7933940
536,F,약국,수원시 팔달구,6457440
537,F,약국,안산시 단원구,38878710
538,F,약국,안산시 상록구,23605944
539,F,약국,안성시,4412330
540,F,약국,양주시,22378900
541,F,약국,양평군,44974899
542,F,약국,여주시,5811530
543,F,약국,연천군,7624930
544,F,약국,오산시,14500930
545,F,약국,용인시 기흥구,14927080
546,F,약국,용인시 수지구,12947080
547,F,약국,용인시 처인구,8381492
548,F,약국,의정부시,15178450
549,F,약국,이천시,13666000
550,F,약국,파주시,10710610
551,F,약국,하남시,68668380
552,F,약국,화성시,62365708
553,F,여행,광명시,7000
554,F,여행,군포시,111100
555,F,여행,부천시,106500
556,F,여행,여주시,6300
557,F,여행,용인시 처인구,60000
558,F,여행,이천시,34300
559,F,여행,파주시,46000
560,F,연료판매점,가평군,9740949
561,F,연료판매점,과천시,2254886
562,F,연료판매점,광명시,410000
563,F,연료판매점,광주시,12563697
564,F,연료판매점,군포시,66466713
565,F,연료판매점,동두천시,2707679
566,F,연료판매점,수원시 권선구,8210490
567,F,연료판매점,수원시 영통구,2424071
568,F,연료판매점,수원시 장안구,5577491
569,F,연료판매점,수원시 팔달구,5000
570,F,연료판매점,안산시 단원구,60000
571,F,연료판매점,안산시 상록구,542858
572,F,연료판매점,안성시,21077889
573,F,연료판매점,양주시,10982758
574,F,연료판매점,양평군,218199519
575,F,연료판매점,여주시,690925
576,F,연료판매점,연천군,1653300
577,F,연료판매점,오산시,4915908
578,F,연료판매점,용인시 기흥구,1414774
579,F,연료판매점,용인시 수지구,884000
580,F,연료판매점,용인시 처인구,6825528
581,F,연료판매점,의정부시,4103941
582,F,연료판매점,이천시,285741
583,F,연료판매점,파주시,1089270
584,F,연료판매점,하남시,130640868
585,F,연료판매점,화성시,17913151
586,F,용역 서비스,가평군,39900
587,F,용역 서비스,고양시 덕양구,5327395
588,F,용역 서비스,고양시 일산동구,4378500
589,F,용역 서비스,고양시 일산서구,3870300
590,F,용역 서비스,과천시,2389530
591,F,용역 서비스,광명시,1954210
592,F,용역 서비스,광주시,277500
593,F,용역 서비스,구리시,397950
594,F,용역 서비스,군포시,8089630
595,F,용역 서비스,남양주시,1038370
596,F,용역 서비스,동두천시,490500
597,F,용역 서비스,부천시,16872010
598,F,용역 서비스,수원시 권선구,432500
599,F,용역 서비스,수원시 영통구,4147900
600,F,용역 서비스,수원시 장안구,1382660
601,F,용역 서비스,수원시 팔달구,3185000
602,F,용역 서비스,안산시 단원구,8527000
603,F,용역 서비스,안산시 상록구,657000
604,F,용역 서비스,안성시,636700
605,F,용역 서비스,양주시,1092650
606,F,용역 서비스,양평군,1921500
607,F,용역 서비스,여주시,124016
608,F,용역 서비스,연천군,43600
609,F,용역 서비스,오산시,69800
610,F,용역 서비스,용인시 기흥구,4373000
611,F,용역 서비스,용인시 수지구,1183500
612,F,용역 서비스,용인시 처인구,230400
613,F,용역 서비스,의정부시,2271470
614,F,용역 서비스,이천시,423000
615,F,용역 서비스,파주시,2858300
616,F,용역 서비스,평택시,6000
617,F,용역 서비스,하남시,3672410
618,F,용역 서비스,화성시,7694400
619,F,유통업 비영리,가평군,28860390
620,F,유통업 비영리,고양시 덕양구,69700
621,F,유통업 비영리,과천시,199500
622,F,유통업 비영리,광주시,3176420
623,F,유통업 비영리,군포시,76897300
624,F,유통업 비영리,남양주시,1297100
625,F,유통업 비영리,부천시,73900
626,F,유통업 비영리,수원시 영통구,1337500
627,F,유통업 비영리,수원시 장안구,110600
628,F,유통업 비영리,안산시 단원구,3361620
629,F,유통업 비영리,안산시 상록구,13760620
630,F,유통업 비영리,안성시,67288890
631,F,유통업 비영리,양주시,94905500
632,F,유통업 비영리,양평군,287324120
633,F,유통업 비영리,여주시,161230
634,F,유통업 비영리,연천군,38500
635,F,유통업 비영리,오산시,1173320
636,F,유통업 비영리,이천시,908760
637,F,유통업 비영리,하남시,2798280
638,F,유통업 비영리,화성시,860640
639,F,유통업 영리,가평군,21325950
640,F,유통업 영리,고양시 덕양구,99088424
641,F,유통업 영리,고양시 일산동구,78814530
642,F,유통업 영리,고양시 일산서구,66294306
643,F,유통업 영리,과천시,13537940
644,F,유통업 영리,광명시,95106142
645,F,유통업 영리,광주시,48534590
646,F,유통업 영리,구리시,28571960
647,F,유통업 영리,군포시,558301426
648,F,유통업 영리,남양주시,122309080
649,F,유통업 영리,동두천시,16455820
650,F,유통업 영리,부천시,751834484
651,F,유통업 영리,수원시 권선구,54641949
652,F,유통업 영리,수원시 영통구,70566606
653,F,유통업 영리,수원시 장안구,51394310
654,F,유통업 영리,수원시 팔달구,21543490
655,F,유통업 영리,안산시 단원구,331476655
656,F,유통업 영리,안산시 상록구,256927513
657,F,유통업 영리,안성시,39418485
658,F,유통업 영리,양주시,86319590
659,F,유통업 영리,양평군,371149466
660,F,유통업 영리,여주시,27959020
661,F,유통업 영리,연천군,31279050
662,F,유통업 영리,오산시,91416966
663,F,유통업 영리,용인시 기흥구,33171138
664,F,유통업 영리,용인시 수지구,18620130
665,F,유통업 영리,용인시 처인구,19739570
666,F,유통업 영리,의정부시,84379700
667,F,유통업 영리,이천시,31141570
668,F,유통업 영리,파주시,47075510
669,F,유통업 영리,하남시,396013467
670,F,유통업 영리,화성시,168691850
671,F,음료식품,가평군,12066260
672,F,음료식품,고양시 덕양구,135303280
673,F,음료식품,고양시 일산동구,72701067
674,F,음료식품,고양시 일산서구,107788440
675,F,음료식품,과천시,23662820
676,F,음료식품,광명시,134562684
677,F,음료식품,광주시,33990642
678,F,음료식품,구리시,40151345
679,F,음료식품,군포시,369943570
680,F,음료식품,남양주시,123643421
681,F,음료식품,동두천시,17862030
682,F,음료식품,부천시,871467451
683,F,음료식품,성남시 분당구,69900
684,F,음료식품,성남시 중원구,56900
685,F,음료식품,수원시 권선구,55366018
686,F,음료식품,수원시 영통구,84776361
687,F,음료식품,수원시 장안구,79539756
688,F,음료식품,수원시 팔달구,50398683
689,F,음료식품,안산시 단원구,85604321
690,F,음료식품,안산시 상록구,68510717
691,F,음료식품,안성시,24374520
692,F,음료식품,양주시,63938810
693,F,음료식품,양평군,143461044
694,F,음료식품,여주시,16551360
695,F,음료식품,연천군,28844706
696,F,음료식품,오산시,77465833
697,F,음료식품,용인시 기흥구,43755352
698,F,음료식품,용인시 수지구,34271319
699,F,음료식품,용인시 처인구,26399082
700,F,음료식품,의왕시,118500
701,F,음료식품,의정부시,113354538
702,F,음료식품,이천시,23644990
703,F,음료식품,파주시,68426224
704,F,음료식품,포천시,196000
705,F,음료식품,하남시,202119696
706,F,음료식품,화성시,335615598
707,F,의류,가평군,1478300
708,F,의류,고양시 덕양구,9128160
709,F,의류,고양시 일산동구,16516410
710,F,의류,고양시 일산서구,16072450
711,F,의류,과천시,10077400
712,F,의류,광명시,11985790
713,F,의류,광주시,4682460
714,F,의류,구리시,8729570
715,F,의류,군포시,43607890
716,F,의류,남양주시,17899970
717,F,의류,동두천시,6147100
718,F,의류,부천시,75000341
719,F,의류,수원시 권선구,5573650
720,F,의류,수원시 영통구,4462300
721,F,의류,수원시 장안구,8011250
722,F,의류,수원시 팔달구,5994330
723,F,의류,안산시 단원구,22974290
724,F,의류,안산시 상록구,12065890
725,F,의류,안성시,2693000
726,F,의류,안양시 만안구,50000
727,F,의류,양주시,9890450
728,F,의류,양평군,34021100
729,F,의류,여주시,1495600
730,F,의류,연천군,3075300
731,F,의류,오산시,5641150
732,F,의류,용인시 기흥구,2817500
733,F,의류,용인시 수지구,1227300
734,F,의류,용인시 처인구,10267120
735,F,의류,의정부시,25574830
736,F,의류,이천시,8322590
737,F,의류,파주시,5572795
738,F,의류,하남시,27689750
739,F,의류,화성시,55097318
740,F,의원,가평군,2552600
741,F,의원,고양시 덕양구,74485289
742,F,의원,고양시 일산동구,44579808
743,F,의원,고양시 일산서구,98775508
744,F,의원,과천시,21983750
745,F,의원,광명시,46399839
746,F,의원,광주시,8624710
747,F,의원,구리시,27503530
748,F,의원,군포시,300531750
749,F,의원,남양주시,53088730
750,F,의원,동두천시,4885100
751,F,의원,부천시,261669540
752,F,의원,수원시 권선구,19461280
753,F,의원,수원시 영통구,52131330
754,F,의원,수원시 장안구,21917360
755,F,의원,수원시 팔달구,21517830
756,F,의원,안산시 단원구,81456940
757,F,의원,안산시 상록구,35638460
758,F,의원,안성시,11007950
759,F,의원,양주시,59743084
760,F,의원,양평군,82065654
761,F,의원,여주시,9948110
762,F,의원,연천군,15126760
763,F,의원,오산시,22424610
764,F,의원,용인시 기흥구,46598815
765,F,의원,용인시 수지구,43238500
766,F,의원,용인시 처인구,22588590
767,F,의원,의정부시,45673840
768,F,의원,이천시,36666290
769,F,의원,파주시,38412030
770,F,의원,하남시,208574007
771,F,의원,화성시,227123760
772,F,일반휴게음식,가평군,46629658
773,F,일반휴게음식,고양시 덕양구,549648008
774,F,일반휴게음식,고양시 일산동구,468369105
775,F,일반휴게음식,고양시 일산서구,363563888
776,F,일반휴게음식,과천시,159917027
777,F,일반휴게음식,광명시,356449922
778,F,일반휴게음식,광주시,157603929
779,F,일반휴게음식,구리시,159789400
780,F,일반휴게음식,군포시,1093374271
781,F,일반휴게음식,김포시,97000
782,F,일반휴게음식,남양주시,567965340
783,F,일반휴게음식,동두천시,79224234
784,F,일반휴게음식,부천시,1863104565
785,F,일반휴게음식,성남시 분당구,55000
786,F,일반휴게음식,성남시 중원구,9000
787,F,일반휴게음식,수원시 권선구,202744755
788,F,일반휴게음식,수원시 영통구,303953734
789,F,일반휴게음식,수원시 장안구,222039582
790,F,일반휴게음식,수원시 팔달구,234585659
791,F,일반휴게음식,시흥시,1027400
792,F,일반휴게음식,안산시 단원구,516936559
793,F,일반휴게음식,안산시 상록구,306271136
794,F,일반휴게음식,안성시,91057532
795,F,일반휴게음식,안양시 동안구,39800
796,F,일반휴게음식,양주시,448874153
797,F,일반휴게음식,양평군,662217674
798,F,일반휴게음식,여주시,55001373
799,F,일반휴게음식,연천군,162537616
800,F,일반휴게음식,오산시,137342270
801,F,일반휴게음식,용인시 기흥구,213138940
802,F,일반휴게음식,용인시 수지구,143101205
803,F,일반휴게음식,용인시 처인구,144000391
804,F,일반휴게음식,의정부시,419710960
805,F,일반휴게음식,이천시,107381187
806,F,일반휴게음식,파주시,264395691
807,F,일반휴게음식,평택시,139000
808,F,일반휴게음식,포천시,59000
809,F,일반휴게음식,하남시,673122430
810,F,일반휴게음식,화성시,1263961964
811,F,자동차정비 유지,가평군,1333400
812,F,자동차정비 유지,고양시 덕양구,9030810
813,F,자동차정비 유지,고양시 일산동구,7941930
814,F,자동차정비 유지,고양시 일산서구,5495363
815,F,자동차정비 유지,과천시,1125100
816,F,자동차정비 유지,광명시,3936538
817,F,자동차정비 유지,광주시,1973000
818,F,자동차정비 유지,구리시,2495560
819,F,자동차정비 유지,군포시,14939602
820,F,자동차정비 유지,남양주시,8153730
821,F,자동차정비 유지,동두천시,1426585
822,F,자동차정비 유지,부천시,16360514
823,F,자동차정비 유지,수원시 권선구,3851370
824,F,자동차정비 유지,수원시 영통구,1822500
825,F,자동차정비 유지,수원시 장안구,1230750
826,F,자동차정비 유지,수원시 팔달구,2108788
827,F,자동차정비 유지,안산시 단원구,10415798
828,F,자동차정비 유지,안산시 상록구,8567502
829,F,자동차정비 유지,안성시,1216900
830,F,자동차정비 유지,양주시,6865318
831,F,자동차정비 유지,양평군,22028770
832,F,자동차정비 유지,여주시,979000
833,F,자동차정비 유지,연천군,4305090
834,F,자동차정비 유지,오산시,1149560
835,F,자동차정비 유지,용인시 기흥구,4649973
836,F,자동차정비 유지,용인시 수지구,3457008
837,F,자동차정비 유지,용인시 처인구,1453140
838,F,자동차정비 유지,의정부시,5337550
839,F,자동차정비 유지,이천시,890880
840,F,자동차정비 유지,파주시,2143400
841,F,자동차정비 유지,하남시,12465960
842,F,자동차정비 유지,화성시,15330400
843,F,자동차판매,고양시 덕양구,110000
844,F,자동차판매,고양시 일산동구,2801004
845,F,자동차판매,구리시,6000
846,F,자동차판매,군포시,167000
847,F,자동차판매,부천시,12000
848,F,자동차판매,양주시,61000
849,F,자동차판매,화성시,40000
850,F,전기제품,가평군,5000
851,F,전기제품,고양시 덕양구,676130
852,F,전기제품,고양시 일산동구,245000
853,F,전기제품,고양시 일산서구,1190000
854,F,전기제품,광명시,123200
855,F,전기제품,광주시,285100
856,F,전기제품,군포시,2178100
857,F,전기제품,남양주시,749140
858,F,전기제품,동두천시,96000
859,F,전기제품,부천시,5657750
860,F,전기제품,수원시 권선구,43000
861,F,전기제품,수원시 영통구,60400
862,F,전기제품,수원시 장안구,285000
863,F,전기제품,수원시 팔달구,189500
864,F,전기제품,안산시 단원구,1590900
865,F,전기제품,안산시 상록구,323145
866,F,전기제품,안성시,6000
867,F,전기제품,양주시,130600
868,F,전기제품,양평군,6190750
869,F,전기제품,여주시,22000
870,F,전기제품,연천군,43000
871,F,전기제품,오산시,1257900
872,F,전기제품,용인시 기흥구,92020
873,F,전기제품,용인시 수지구,233000
874,F,전기제품,용인시 처인구,250900
875,F,전기제품,의정부시,96350
876,F,전기제품,이천시,13000
877,F,전기제품,파주시,12000
878,F,전기제품,화성시,5500
879,F,주방용구,고양시 덕양구,444300
880,F,주방용구,고양시 일산동구,1017800
881,F,주방용구,고양시 일산서구,941500
882,F,주방용구,과천시,341000
883,F,주방용구,광명시,777820
884,F,주방용구,광주시,259400
885,F,주방용구,구리시,90400
886,F,주방용구,군포시,1384300
887,F,주방용구,남양주시,521700
888,F,주방용구,동두천시,152500
889,F,주방용구,부천시,2644000
890,F,주방용구,수원시 권선구,11900
891,F,주방용구,수원시 장안구,192300
892,F,주방용구,수원시 팔달구,392800
893,F,주방용구,안산시 단원구,2079800
894,F,주방용구,안산시 상록구,713900
895,F,주방용구,안성시,693000
896,F,주방용구,양주시,2304850
897,F,주방용구,양평군,1221270
898,F,주방용구,여주시,148000
899,F,주방용구,연천군,774500
900,F,주방용구,오산시,740400
901,F,주방용구,용인시 기흥구,16000
902,F,주방용구,용인시 수지구,3900
903,F,주방용구,용인시 처인구,14000
904,F,주방용구,의정부시,394100
905,F,주방용구,이천시,149300
906,F,주방용구,파주시,92500
907,F,주방용구,포천시,20000
908,F,주방용구,하남시,683600
909,F,주방용구,화성시,592600
910,F,직물,가평군,110000
911,F,직물,고양시 덕양구,2919500
912,F,직물,고양시 일산동구,496000
913,F,직물,고양시 일산서구,2243000
914,F,직물,과천시,1145900
915,F,직물,광명시,2368210
916,F,직물,광주시,1155000
917,F,직물,구리시,1041000
918,F,직물,군포시,2473500
919,F,직물,남양주시,2650350
920,F,직물,동두천시,140600
921,F,직물,부천시,11325700
922,F,직물,수원시 권선구,1836000
923,F,직물,수원시 영통구,1865800
924,F,직물,수원시 장안구,1789500
925,F,직물,수원시 팔달구,1115100
926,F,직물,안산시 단원구,12336100
927,F,직물,안산시 상록구,8153500
928,F,직물,안성시,629000
929,F,직물,양주시,1204500
930,F,직물,양평군,2637000
931,F,직물,여주시,226000
932,F,직물,연천군,984000
933,F,직물,오산시,1904000
934,F,직물,용인시 기흥구,983000
935,F,직물,용인시 수지구,973600
936,F,직물,용인시 처인구,800000
937,F,직물,의정부시,2868400
938,F,직물,이천시,434000
939,F,직물,파주시,1603500
940,F,직물,하남시,2951640
941,F,직물,화성시,3938000
942,F,학원,가평군,7924000
943,F,학원,고양시 덕양구,315000565
944,F,학원,고양시 일산동구,251753555
945,F,학원,고양시 일산서구,300616570
946,F,학원,과천시,53890950
947,F,학원,광명시,148184920
948,F,학원,광주시,36839100
949,F,학원,구리시,79815100
950,F,학원,군포시,539051796
951,F,학원,남양주시,234250950
952,F,학원,동두천시,11291010
953,F,학원,부천시,811298066
954,F,학원,성남시 수정구,335000
955,F,학원,수원시 권선구,51803460
956,F,학원,수원시 영통구,151009500
957,F,학원,수원시 장안구,56263956
958,F,학원,수원시 팔달구,23714510
959,F,학원,안산시 단원구,161524910
960,F,학원,안산시 상록구,95202950
961,F,학원,안성시,20065600
962,F,학원,안양시 동안구,37000
963,F,학원,양주시,179992600
964,F,학원,양평군,71617000
965,F,학원,여주시,14994350
966,F,학원,연천군,41299150
967,F,학원,오산시,36917150
968,F,학원,용인시 기흥구,155183450
969,F,학원,용인시 수지구,147528935
970,F,학원,용인시 처인구,35403814
971,F,학원,의정부시,133058260
972,F,학원,이천시,42851050
973,F,학원,파주시,131779025
974,F,학원,하남시,452631765
975,F,학원,화성시,1225174465
976,F,회원제형태,가평군,1381000
977,F,회원제형태,고양시 덕양구,85033650
978,F,회원제형태,고양시 일산동구,60917875
979,F,회원제형태,고양시 일산서구,74124800
980,F,회원제형태,과천시,15833000
981,F,회원제형태,광명시,51454550
982,F,회원제형태,광주시,4870000
983,F,회원제형태,구리시,22080000
984,F,회원제형태,군포시,144512548
985,F,회원제형태,남양주시,41277600
986,F,회원제형태,동두천시,4153000
987,F,회원제형태,부천시,168708072
988,F,회원제형태,수원시 권선구,6522600
989,F,회원제형태,수원시 영통구,26860300
990,F,회원제형태,수원시 장안구,17204000
991,F,회원제형태,수원시 팔달구,5139400
992,F,회원제형태,안산시 단원구,59359200
993,F,회원제형태,안산시 상록구,10769860
994,F,회원제형태,안성시,933000
995,F,회원제형태,양주시,39044835
996,F,회원제형태,양평군,20903100
997,F,회원제형태,여주시,540000
998,F,회원제형태,연천군,15604000
999,F,회원제형태,오산시,10610300
1000,F,회원제형태,용인시 기흥구,19521800
1001,F,회원제형태,용인시 수지구,24219800
1002,F,회원제형태,용인시 처인구,3364000
1003,F,회원제형태,의정부시,42479350
1004,F,회원제형태,이천시,10226000
1005,F,회원제형태,파주시,22282400
1006,F,회원제형태,하남시,46283990
1007,F,회원제형태,화성시,125456780
1008,M,가구,가평군,80000
1009,M,가구,고양시 일산동구,8087000
1010,M,가구,고양시 일산서구,5307600
1011,M,가구,과천시,150000
1012,M,가구,광명시,2259000
1013,M,가구,광주시,454000
1014,M,가구,구리시,75000
1015,M,가구,군포시,407000
1016,M,가구,남양주시,1007950
1017,M,가구,동두천시,17350
1018,M,가구,부천시,2717000
1019,M,가구,수원시 권선구,48314100
1020,M,가구,수원시 영통구,37500
1021,M,가구,수원시 장안구,40000
1022,M,가구,안산시 단원구,23306000
1023,M,가구,안산시 상록구,73254090
1024,M,가구,안성시,1074875
1025,M,가구,양주시,1209400
1026,M,가구,양평군,1582000
1027,M,가구,연천군,340000
1028,M,가구,오산시,1995000
1029,M,가구,용인시 기흥구,10000
1030,M,가구,용인시 수지구,120000
1031,M,가구,용인시 처인구,4000
1032,M,가구,의정부시,1005000
1033,M,가구,이천시,500000
1034,M,가구,파주시,734000
1035,M,가구,하남시,1387970
1036,M,가구,화성시,3032000
1037,M,건강식품,가평군,658500
1038,M,건강식품,고양시 덕양구,1451000
1039,M,건강식품,고양시 일산동구,942300
1040,M,건강식품,고양시 일산서구,2684300
1041,M,건강식품,과천시,3950200
1042,M,건강식품,광명시,612100
1043,M,건강식품,광주시,802300
1044,M,건강식품,구리시,45000
1045,M,건강식품,군포시,3882400
1046,M,건강식품,남양주시,1549200
1047,M,건강식품,동두천시,314000
1048,M,건강식품,부천시,7863730
1049,M,건강식품,수원시 권선구,1169900
1050,M,건강식품,수원시 영통구,3560944
1051,M,건강식품,수원시 장안구,2565800
1052,M,건강식품,수원시 팔달구,1930200
1053,M,건강식품,안산시 단원구,4696902
1054,M,건강식품,안산시 상록구,488300
1055,M,건강식품,안성시,210000
1056,M,건강식품,양주시,2628000
1057,M,건강식품,양평군,2072055
1058,M,건강식품,여주시,72000
1059,M,건강식품,연천군,167200
1060,M,건강식품,오산시,743000
1061,M,건강식품,용인시 기흥구,290400
1062,M,건강식품,용인시 수지구,4127400
1063,M,건강식품,용인시 처인구,555000
1064,M,건강식품,의정부시,1199500
1065,M,건강식품,이천시,76500
1066,M,건강식품,파주시,1661500
1067,M,건강식품,하남시,2110150
1068,M,건강식품,화성시,5310750
1069,M,건축자재,가평군,530600
1070,M,건축자재,고양시 덕양구,744200
1071,M,건축자재,고양시 일산동구,3791300
1072,M,건축자재,고양시 일산서구,734550
1073,M,건축자재,과천시,101000
1074,M,건축자재,광명시,317310
1075,M,건축자재,광주시,631580
1076,M,건축자재,구리시,84500
1077,M,건축자재,군포시,6807350
1078,M,건축자재,남양주시,1530050
1079,M,건축자재,동두천시,69500
1080,M,건축자재,부천시,4617870
1081,M,건축자재,수원시 권선구,917630
1082,M,건축자재,수원시 영통구,58500
1083,M,건축자재,수원시 장안구,687350
1084,M,건축자재,수원시 팔달구,259050
1085,M,건축자재,안산시 단원구,800750
1086,M,건축자재,안산시 상록구,1345200
1087,M,건축자재,안성시,489100
1088,M,건축자재,양주시,2696360
1089,M,건축자재,양평군,10493135
1090,M,건축자재,여주시,232000
1091,M,건축자재,연천군,655800
1092,M,건축자재,오산시,703200
1093,M,건축자재,용인시 기흥구,341950
1094,M,건축자재,용인시 수지구,573981
1095,M,건축자재,용인시 처인구,933400
1096,M,건축자재,의정부시,1039000
1097,M,건축자재,이천시,709146
1098,M,건축자재,파주시,807200
1099,M,건축자재,하남시,359500
1100,M,건축자재,화성시,2213590
1101,M,광학제품,가평군,78000
1102,M,광학제품,고양시 덕양구,987500
1103,M,광학제품,고양시 일산동구,5869126
1104,M,광학제품,고양시 일산서구,1431500
1105,M,광학제품,과천시,398800
1106,M,광학제품,광명시,1268000
1107,M,광학제품,광주시,1057000
1108,M,광학제품,구리시,716000
1109,M,광학제품,군포시,2794100
1110,M,광학제품,남양주시,534500
1111,M,광학제품,동두천시,117800
1112,M,광학제품,부천시,7127500
1113,M,광학제품,수원시 권선구,985000
1114,M,광학제품,수원시 영통구,1062600
1115,M,광학제품,수원시 장안구,232000
1116,M,광학제품,수원시 팔달구,433500
1117,M,광학제품,안산시 단원구,1125000
1118,M,광학제품,안산시 상록구,1461800
1119,M,광학제품,안성시,30000
1120,M,광학제품,양주시,1235000
1121,M,광학제품,양평군,1747000
1122,M,광학제품,여주시,15000
1123,M,광학제품,연천군,191000
1124,M,광학제품,오산시,261000
1125,M,광학제품,용인시 기흥구,187600
1126,M,광학제품,용인시 수지구,705000
1127,M,광학제품,용인시 처인구,355000
1128,M,광학제품,의정부시,1903500
1129,M,광학제품,이천시,790000
1130,M,광학제품,파주시,779600
1131,M,광학제품,하남시,944000
1132,M,광학제품,화성시,7130120
1133,M,기타,가평군,277850
1134,M,기타,고양시 덕양구,1419000
1135,M,기타,고양시 일산동구,2814500
1136,M,기타,고양시 일산서구,2033500
1137,M,기타,과천시,74000
1138,M,기타,광명시,759210
1139,M,기타,광주시,462500
1140,M,기타,구리시,295700
1141,M,기타,군포시,6739700
1142,M,기타,남양주시,755250
1143,M,기타,동두천시,216000
1144,M,기타,부천시,6352860
1145,M,기타,수원시 권선구,1413200
1146,M,기타,수원시 영통구,885600
1147,M,기타,수원시 장안구,460100
1148,M,기타,수원시 팔달구,562000
1149,M,기타,안산시 단원구,1531170
1150,M,기타,안산시 상록구,1659650
1151,M,기타,안성시,286050
1152,M,기타,양주시,1835700
1153,M,기타,양평군,6109690
1154,M,기타,여주시,909200
1155,M,기타,연천군,2890090
1156,M,기타,오산시,1261050
1157,M,기타,용인시 기흥구,482400
1158,M,기타,용인시 수지구,381740
1159,M,기타,용인시 처인구,899600
1160,M,기타,의정부시,1176599
1161,M,기타,이천시,572900
1162,M,기타,파주시,788000
1163,M,기타,하남시,3745050
1164,M,기타,화성시,1997980
1165,M,기타의료기관,가평군,24800
1166,M,기타의료기관,고양시 덕양구,21416170
1167,M,기타의료기관,고양시 일산동구,71118570
1168,M,기타의료기관,고양시 일산서구,20268790
1169,M,기타의료기관,과천시,871153
1170,M,기타의료기관,광명시,6430570
1171,M,기타의료기관,광주시,1128900
1172,M,기타의료기관,구리시,4898380
1173,M,기타의료기관,군포시,13264101
1174,M,기타의료기관,남양주시,10098419
1175,M,기타의료기관,동두천시,432800
1176,M,기타의료기관,부천시,70499002
1177,M,기타의료기관,수원시 권선구,25645440
1178,M,기타의료기관,수원시 영통구,17479750
1179,M,기타의료기관,수원시 장안구,2972200
1180,M,기타의료기관,수원시 팔달구,7650250
1181,M,기타의료기관,안산시 단원구,22650000
1182,M,기타의료기관,안산시 상록구,3905350
1183,M,기타의료기관,안성시,140900
1184,M,기타의료기관,양주시,12768370
1185,M,기타의료기관,양평군,3905800
1186,M,기타의료기관,여주시,602900
1187,M,기타의료기관,연천군,514500
1188,M,기타의료기관,오산시,972500
1189,M,기타의료기관,용인시 기흥구,20045910
1190,M,기타의료기관,용인시 수지구,19304520
1191,M,기타의료기관,용인시 처인구,6885000
1192,M,기타의료기관,의정부시,17446748
1193,M,기타의료기관,이천시,4515800
1194,M,기타의료기관,파주시,7701380
1195,M,기타의료기관,하남시,30302511
1196,M,기타의료기관,화성시,103385305
1197,M,농업,가평군,676120
1198,M,농업,고양시 덕양구,29000
1199,M,농업,고양시 일산동구,25300
1200,M,농업,고양시 일산서구,162000
1201,M,농업,광주시,71000
1202,M,농업,구리시,105300
1203,M,농업,남양주시,502700
1204,M,농업,동두천시,104200
1205,M,농업,부천시,62000
1206,M,농업,수원시 권선구,168600
1207,M,농업,수원시 팔달구,75300
1208,M,농업,안산시 단원구,147900
1209,M,농업,안성시,550800
1210,M,농업,양주시,913600
1211,M,농업,양평군,9070263
1212,M,농업,여주시,736500
1213,M,농업,연천군,1227150
1214,M,농업,오산시,197200
1215,M,농업,용인시 기흥구,66000
1216,M,농업,용인시 처인구,150000
1217,M,농업,의정부시,112000
1218,M,농업,이천시,73000
1219,M,농업,파주시,267500
1220,M,농업,평택시,40000
1221,M,농업,화성시,418000
1222,M,레저업소,가평군,3209400
1223,M,레저업소,고양시 덕양구,38246522
1224,M,레저업소,고양시 일산동구,31941300
1225,M,레저업소,고양시 일산서구,23868300
1226,M,레저업소,과천시,11838800
1227,M,레저업소,광명시,22261200
1228,M,레저업소,광주시,8389450
1229,M,레저업소,구리시,7956500
1230,M,레저업소,군포시,54704106
1231,M,레저업소,남양주시,34183910
1232,M,레저업소,동두천시,3780300
1233,M,레저업소,부천시,95548271
1234,M,레저업소,수원시 권선구,17987477
1235,M,레저업소,수원시 영통구,22754912
1236,M,레저업소,수원시 장안구,15889100
1237,M,레저업소,수원시 팔달구,9457405
1238,M,레저업소,안산시 단원구,30698591
1239,M,레저업소,안산시 상록구,10437100
1240,M,레저업소,안성시,6396400
1241,M,레저업소,양주시,32757414
1242,M,레저업소,양평군,21883550
1243,M,레저업소,여주시,3710600
1244,M,레저업소,연천군,10431800
1245,M,레저업소,오산시,3812060
1246,M,레저업소,용인시 기흥구,16312500
1247,M,레저업소,용인시 수지구,12464500
1248,M,레저업소,용인시 처인구,7957600
1249,M,레저업소,의정부시,24659500
1250,M,레저업소,이천시,8363817
1251,M,레저업소,파주시,17963300
1252,M,레저업소,하남시,60659640
1253,M,레저업소,화성시,74759388
1254,M,레져용품,가평군,271000
1255,M,레져용품,고양시 덕양구,5028900
1256,M,레져용품,고양시 일산동구,7933600
1257,M,레져용품,고양시 일산서구,5947870
1258,M,레져용품,과천시,1237000
1259,M,레져용품,광명시,3402120
1260,M,레져용품,광주시,2809100
1261,M,레져용품,구리시,3410700
1262,M,레져용품,군포시,8347300
1263,M,레져용품,남양주시,12265900
1264,M,레져용품,동두천시,2306700
1265,M,레져용품,부천시,24362350
1266,M,레져용품,수원시 권선구,4837400
1267,M,레져용품,수원시 영통구,4073550
1268,M,레져용품,수원시 장안구,1153000
1269,M,레져용품,수원시 팔달구,1637900
1270,M,레져용품,안산시 단원구,7385210
1271,M,레져용품,안산시 상록구,11932250
1272,M,레져용품,안성시,2160240
1273,M,레져용품,양주시,5161200
1274,M,레져용품,양평군,10918619
1275,M,레져용품,여주시,2712000
1276,M,레져용품,연천군,5998520
1277,M,레져용품,오산시,3215700
1278,M,레져용품,용인시 기흥구,3094150
1279,M,레져용품,용인시 수지구,3819650
1280,M,레져용품,용인시 처인구,3776180
1281,M,레져용품,의정부시,5726300
1282,M,레져용품,이천시,1091850
1283,M,레져용품,파주시,4496600
1284,M,레져용품,하남시,15264350
1285,M,레져용품,화성시,21163718
1286,M,문화.취미,가평군,1235650
1287,M,문화.취미,고양시 덕양구,4339800
1288,M,문화.취미,고양시 일산동구,3790670
1289,M,문화.취미,고양시 일산서구,4132000
1290,M,문화.취미,과천시,541500
1291,M,문화.취미,광명시,6547630
1292,M,문화.취미,광주시,992450
1293,M,문화.취미,구리시,768800
1294,M,문화.취미,군포시,6885700
1295,M,문화.취미,남양주시,12660360
1296,M,문화.취미,동두천시,242600
1297,M,문화.취미,부천시,17283670
1298,M,문화.취미,수원시 권선구,2393700
1299,M,문화.취미,수원시 영통구,3159000
1300,M,문화.취미,수원시 장안구,1523000
1301,M,문화.취미,수원시 팔달구,4200750
1302,M,문화.취미,안산시 단원구,3018450
1303,M,문화.취미,안산시 상록구,3005500
1304,M,문화.취미,안성시,722500
1305,M,문화.취미,양주시,7436170
1306,M,문화.취미,양평군,10953000
1307,M,문화.취미,여주시,674000
1308,M,문화.취미,연천군,2191650
1309,M,문화.취미,오산시,2257900
1310,M,문화.취미,용인시 기흥구,2203850
1311,M,문화.취미,용인시 수지구,624600
1312,M,문화.취미,용인시 처인구,1291820
1313,M,문화.취미,의정부시,3627550
1314,M,문화.취미,이천시,802100
1315,M,문화.취미,파주시,3421650
1316,M,문화.취미,평택시,107000
1317,M,문화.취미,하남시,5078750
1318,M,문화.취미,화성시,9703734
1319,M,병원,가평군,56950
1320,M,병원,고양시 덕양구,34200
1321,M,병원,고양시 일산서구,104100
1322,M,병원,과천시,507900
1323,M,병원,광명시,2589700
1324,M,병원,광주시,1246250
1325,M,병원,군포시,68763970
1326,M,병원,남양주시,750600
1327,M,병원,부천시,1670700
1328,M,병원,수원시 장안구,5400
1329,M,병원,수원시 팔달구,77500
1330,M,병원,안산시 단원구,13852780
1331,M,병원,안산시 상록구,4881560
1332,M,병원,안성시,2192990
1333,M,병원,양주시,74700
1334,M,병원,양평군,12932550
1335,M,병원,여주시,19100
1336,M,병원,오산시,3770840
1337,M,병원,용인시 기흥구,8437230
1338,M,병원,용인시 수지구,1098880
1339,M,병원,용인시 처인구,9131550
1340,M,병원,이천시,4139850
1341,M,병원,하남시,9335530
1342,M,병원,화성시,1520810
1343,M,보건위생,가평군,2296032
1344,M,보건위생,고양시 덕양구,48049190
1345,M,보건위생,고양시 일산동구,39766050
1346,M,보건위생,고양시 일산서구,41152360
1347,M,보건위생,과천시,18623510
1348,M,보건위생,광명시,36213510
1349,M,보건위생,광주시,9694554
1350,M,보건위생,구리시,10168570
1351,M,보건위생,군포시,92118870
1352,M,보건위생,남양주시,43883491
1353,M,보건위생,동두천시,4568550
1354,M,보건위생,부천시,162355134
1355,M,보건위생,수원시 권선구,20235112
1356,M,보건위생,수원시 영통구,45445038
1357,M,보건위생,수원시 장안구,18496256
1358,M,보건위생,수원시 팔달구,18756250
1359,M,보건위생,안산시 단원구,35511400
1360,M,보건위생,안산시 상록구,19000836
1361,M,보건위생,안성시,3627100
1362,M,보건위생,양주시,38244549
1363,M,보건위생,양평군,32574410
1364,M,보건위생,여주시,3988500
1365,M,보건위생,연천군,10709670
1366,M,보건위생,오산시,12480999
1367,M,보건위생,용인시 기흥구,25369780
1368,M,보건위생,용인시 수지구,16454500
1369,M,보건위생,용인시 처인구,8668820
1370,M,보건위생,의정부시,30251862
1371,M,보건위생,이천시,12104115
1372,M,보건위생,파주시,26585292
1373,M,보건위생,하남시,60077685
1374,M,보건위생,화성시,172502850
1375,M,사무통신,가평군,65000
1376,M,사무통신,고양시 덕양구,994868
1377,M,사무통신,고양시 일산동구,1419100
1378,M,사무통신,고양시 일산서구,688800
1379,M,사무통신,과천시,232500
1380,M,사무통신,광명시,454110
1381,M,사무통신,광주시,100600
1382,M,사무통신,군포시,819840
1383,M,사무통신,남양주시,460300
1384,M,사무통신,동두천시,13000
1385,M,사무통신,부천시,3410500
1386,M,사무통신,수원시 권선구,253280
1387,M,사무통신,수원시 영통구,486790
1388,M,사무통신,수원시 장안구,210900
1389,M,사무통신,수원시 팔달구,78200
1390,M,사무통신,안산시 단원구,407350
1391,M,사무통신,안산시 상록구,1060500
1392,M,사무통신,양주시,597000
1393,M,사무통신,양평군,1437800
1394,M,사무통신,여주시,65000
1395,M,사무통신,연천군,72000
1396,M,사무통신,오산시,39900
1397,M,사무통신,용인시 기흥구,125000
1398,M,사무통신,용인시 수지구,156800
1399,M,사무통신,용인시 처인구,128000
1400,M,사무통신,의정부시,655750
1401,M,사무통신,이천시,42600
1402,M,사무통신,파주시,22600
1403,M,사무통신,하남시,456450
1404,M,사무통신,화성시,615650
1405,M,서적문구,가평군,983050
1406,M,서적문구,고양시 덕양구,11811240
1407,M,서적문구,고양시 일산동구,7131620
1408,M,서적문구,고양시 일산서구,5667670
1409,M,서적문구,과천시,4789910
1410,M,서적문구,광명시,3744450
1411,M,서적문구,광주시,1437500
1412,M,서적문구,구리시,1090670
1413,M,서적문구,군포시,30149830
1414,M,서적문구,남양주시,4375490
1415,M,서적문구,동두천시,1021400
1416,M,서적문구,부천시,18538040
1417,M,서적문구,수원시 권선구,2442150
1418,M,서적문구,수원시 영통구,7006191
1419,M,서적문구,수원시 장안구,2736750
1420,M,서적문구,수원시 팔달구,2130950
1421,M,서적문구,안산시 단원구,10601370
1422,M,서적문구,안산시 상록구,3742270
1423,M,서적문구,안성시,1248250
1424,M,서적문구,양주시,3310550
1425,M,서적문구,양평군,10488980
1426,M,서적문구,여주시,53000
1427,M,서적문구,연천군,1610200
1428,M,서적문구,오산시,3220876
1429,M,서적문구,용인시 기흥구,2421820
1430,M,서적문구,용인시 수지구,3993845
1431,M,서적문구,용인시 처인구,1098360
1432,M,서적문구,의정부시,5789730
1433,M,서적문구,이천시,2853600
1434,M,서적문구,파주시,6424100
1435,M,서적문구,하남시,7402590
1436,M,서적문구,화성시,29921530
1437,M,수리서비스,가평군,135640
1438,M,수리서비스,고양시 덕양구,4293900
1439,M,수리서비스,고양시 일산동구,4488520
1440,M,수리서비스,고양시 일산서구,1975480
1441,M,수리서비스,과천시,870330
1442,M,수리서비스,광명시,2746500
1443,M,수리서비스,광주시,1308110
1444,M,수리서비스,구리시,857860
1445,M,수리서비스,군포시,8780400
1446,M,수리서비스,남양주시,6472650
1447,M,수리서비스,동두천시,761180
1448,M,수리서비스,부천시,13398100
1449,M,수리서비스,수원시 권선구,3254610
1450,M,수리서비스,수원시 영통구,4315170
1451,M,수리서비스,수원시 장안구,1937610
1452,M,수리서비스,수원시 팔달구,1575290
1453,M,수리서비스,안산시 단원구,4532350
1454,M,수리서비스,안산시 상록구,2459930
1455,M,수리서비스,안성시,678610
1456,M,수리서비스,양주시,4508630
1457,M,수리서비스,양평군,5408200
1458,M,수리서비스,여주시,231672
1459,M,수리서비스,연천군,503790
1460,M,수리서비스,오산시,1570880
1461,M,수리서비스,용인시 기흥구,2953650
1462,M,수리서비스,용인시 수지구,2056110
1463,M,수리서비스,용인시 처인구,807410
1464,M,수리서비스,의정부시,2846480
1465,M,수리서비스,이천시,615920
1466,M,수리서비스,파주시,1636120
1467,M,수리서비스,하남시,6837430
1468,M,수리서비스,화성시,11223766
1469,M,숙박업,가평군,295800
1470,M,숙박업,고양시 덕양구,1338000
1471,M,숙박업,고양시 일산동구,245000
1472,M,숙박업,고양시 일산서구,585401
1473,M,숙박업,광명시,1865504
1474,M,숙박업,광주시,67500
1475,M,숙박업,구리시,140000
1476,M,숙박업,군포시,1589000
1477,M,숙박업,남양주시,583000
1478,M,숙박업,동두천시,260000
1479,M,숙박업,부천시,3866000
1480,M,숙박업,수원시 권선구,909020
1481,M,숙박업,수원시 영통구,308000
1482,M,숙박업,수원시 장안구,578000
1483,M,숙박업,수원시 팔달구,881000
1484,M,숙박업,안산시 상록구,40000
1485,M,숙박업,안성시,148000
1486,M,숙박업,양주시,614000
1487,M,숙박업,양평군,4339459
1488,M,숙박업,연천군,814000
1489,M,숙박업,오산시,410000
1490,M,숙박업,용인시 기흥구,540000
1491,M,숙박업,용인시 수지구,115000
1492,M,숙박업,용인시 처인구,412500
1493,M,숙박업,의정부시,1915000
1494,M,숙박업,이천시,227600
1495,M,숙박업,파주시,348500
1496,M,숙박업,포천시,78000
1497,M,숙박업,하남시,1300000
1498,M,숙박업,화성시,156000
1499,M,신변잡화,가평군,1364420
1500,M,신변잡화,고양시 덕양구,3003920
1501,M,신변잡화,고양시 일산동구,3962250
1502,M,신변잡화,고양시 일산서구,1151304
1503,M,신변잡화,과천시,859000
1504,M,신변잡화,광명시,3657240
1505,M,신변잡화,광주시,1174650
1506,M,신변잡화,구리시,704500
1507,M,신변잡화,군포시,13949620
1508,M,신변잡화,남양주시,2768920
1509,M,신변잡화,동두천시,467700
1510,M,신변잡화,부천시,23318220
1511,M,신변잡화,수원시 권선구,2336010
1512,M,신변잡화,수원시 영통구,1523870
1513,M,신변잡화,수원시 장안구,2189560
1514,M,신변잡화,수원시 팔달구,2193212
1515,M,신변잡화,안산시 단원구,4397410
1516,M,신변잡화,안산시 상록구,4813487
1517,M,신변잡화,안성시,851290
1518,M,신변잡화,양주시,3332980
1519,M,신변잡화,양평군,8295090
1520,M,신변잡화,여주시,1119900
1521,M,신변잡화,연천군,2510300
1522,M,신변잡화,오산시,3221350
1523,M,신변잡화,용인시 기흥구,1670020
1524,M,신변잡화,용인시 수지구,1017200
1525,M,신변잡화,용인시 처인구,1795150
1526,M,신변잡화,의정부시,3614360
1527,M,신변잡화,이천시,1123580
1528,M,신변잡화,파주시,2174050
1529,M,신변잡화,하남시,2723220
1530,M,신변잡화,화성시,3003500
1531,M,약국,가평군,1965630
1532,M,약국,고양시 덕양구,16684187
1533,M,약국,고양시 일산동구,10087440
1534,M,약국,고양시 일산서구,14256000
1535,M,약국,과천시,5056480
1536,M,약국,광명시,11874770
1537,M,약국,광주시,4247020
1538,M,약국,구리시,4168850
1539,M,약국,군포시,64083401
1540,M,약국,남양주시,16968220
1541,M,약국,동두천시,2174830
1542,M,약국,부천시,53580610
1543,M,약국,수원시 권선구,7164780
1544,M,약국,수원시 영통구,9300220
1545,M,약국,수원시 장안구,4713470
1546,M,약국,수원시 팔달구,5500960
1547,M,약국,안산시 단원구,28076820
1548,M,약국,안산시 상록구,12461550
1549,M,약국,안성시,2973360
1550,M,약국,양주시,12941630
1551,M,약국,양평군,30595707
1552,M,약국,여주시,4639760
1553,M,약국,연천군,8463160
1554,M,약국,오산시,10656790
1555,M,약국,용인시 기흥구,11087690
1556,M,약국,용인시 수지구,8281040
1557,M,약국,용인시 처인구,7471684
1558,M,약국,의정부시,14019660
1559,M,약국,이천시,9143020
1560,M,약국,파주시,7705039
1561,M,약국,평택시,9000
1562,M,약국,하남시,38751240
1563,M,약국,화성시,36200843
1564,M,여행,고양시 일산서구,99000
1565,M,여행,군포시,25300
1566,M,여행,부천시,67800
1567,M,여행,수원시 장안구,393000
1568,M,여행,양주시,400000
1569,M,여행,양평군,58200
1570,M,여행,이천시,72300
1571,M,여행,파주시,99000
1572,M,연료판매점,가평군,17857950
1573,M,연료판매점,과천시,5078772
1574,M,연료판매점,광명시,776130
1575,M,연료판매점,광주시,11977441
1576,M,연료판매점,군포시,83555264
1577,M,연료판매점,동두천시,3922068
1578,M,연료판매점,수원시 권선구,13940639
1579,M,연료판매점,수원시 영통구,6373551
1580,M,연료판매점,수원시 장안구,7663619
1581,M,연료판매점,수원시 팔달구,60000
1582,M,연료판매점,안산시 상록구,176100
1583,M,연료판매점,안성시,38000001
1584,M,연료판매점,양주시,15249138
1585,M,연료판매점,양평군,284956672
1586,M,연료판매점,여주시,1579624
1587,M,연료판매점,연천군,4270973
1588,M,연료판매점,오산시,5944987
1589,M,연료판매점,용인시 기흥구,4237406
1590,M,연료판매점,용인시 수지구,904000
1591,M,연료판매점,용인시 처인구,11695401
1592,M,연료판매점,의정부시,12276258
1593,M,연료판매점,이천시,241521
1594,M,연료판매점,파주시,2372407
1595,M,연료판매점,하남시,169668370
1596,M,연료판매점,화성시,35128079
1597,M,용역 서비스,가평군,55000
1598,M,용역 서비스,고양시 덕양구,2611445
1599,M,용역 서비스,고양시 일산동구,1652300
1600,M,용역 서비스,고양시 일산서구,2019900
1601,M,용역 서비스,과천시,1584100
1602,M,용역 서비스,광명시,2161100
1603,M,용역 서비스,광주시,204000
1604,M,용역 서비스,구리시,872200
1605,M,용역 서비스,군포시,7329290
1606,M,용역 서비스,남양주시,753850
1607,M,용역 서비스,동두천시,110500
1608,M,용역 서비스,부천시,12762970
1609,M,용역 서비스,수원시 권선구,685800
1610,M,용역 서비스,수원시 영통구,2178400
1611,M,용역 서비스,수원시 장안구,950550
1612,M,용역 서비스,수원시 팔달구,2602400
1613,M,용역 서비스,안산시 단원구,6014100
1614,M,용역 서비스,안산시 상록구,203050
1615,M,용역 서비스,안성시,8000
1616,M,용역 서비스,양주시,934450
1617,M,용역 서비스,양평군,1815530
1618,M,용역 서비스,여주시,4000
1619,M,용역 서비스,연천군,74500
1620,M,용역 서비스,오산시,290448
1621,M,용역 서비스,용인시 기흥구,2185300
1622,M,용역 서비스,용인시 수지구,1879000
1623,M,용역 서비스,용인시 처인구,53000
1624,M,용역 서비스,의정부시,1114240
1625,M,용역 서비스,이천시,41500
1626,M,용역 서비스,파주시,2734500
1627,M,용역 서비스,하남시,2149900
1628,M,용역 서비스,화성시,4037150
1629,M,유통업 비영리,가평군,21281340
1630,M,유통업 비영리,고양시 덕양구,278500
1631,M,유통업 비영리,과천시,56500
1632,M,유통업 비영리,광주시,2515320
1633,M,유통업 비영리,구리시,800000
1634,M,유통업 비영리,군포시,39788500
1635,M,유통업 비영리,남양주시,583000
1636,M,유통업 비영리,부천시,171700
1637,M,유통업 비영리,수원시 영통구,578900
1638,M,유통업 비영리,수원시 장안구,8000
1639,M,유통업 비영리,수원시 팔달구,49840
1640,M,유통업 비영리,안산시 단원구,982250
1641,M,유통업 비영리,안산시 상록구,5482270
1642,M,유통업 비영리,안성시,40884310
1643,M,유통업 비영리,양주시,63520060
1644,M,유통업 비영리,양평군,214963538
1645,M,유통업 비영리,여주시,1408990
1646,M,유통업 비영리,연천군,153500
1647,M,유통업 비영리,오산시,553030
1648,M,유통업 비영리,용인시 처인구,5000
1649,M,유통업 비영리,의정부시,7000
1650,M,유통업 비영리,이천시,293100
1651,M,유통업 비영리,하남시,1773200
1652,M,유통업 비영리,화성시,646600
1653,M,유통업 영리,가평군,27081450
1654,M,유통업 영리,고양시 덕양구,119120600
1655,M,유통업 영리,고양시 일산동구,84055760
1656,M,유통업 영리,고양시 일산서구,69258140
1657,M,유통업 영리,과천시,17322520
1658,M,유통업 영리,광명시,93123190
1659,M,유통업 영리,광주시,57267910
1660,M,유통업 영리,구리시,25597780
1661,M,유통업 영리,군포시,366147262
1662,M,유통업 영리,남양주시,149775200
1663,M,유통업 영리,동두천시,14411110
1664,M,유통업 영리,부천시,630195360
1665,M,유통업 영리,수원시 권선구,65365960
1666,M,유통업 영리,수원시 영통구,91526889
1667,M,유통업 영리,수원시 장안구,57452850
1668,M,유통업 영리,수원시 팔달구,52893150
1669,M,유통업 영리,안산시 단원구,226559655
1670,M,유통업 영리,안산시 상록구,163400207
1671,M,유통업 영리,안성시,37636260
1672,M,유통업 영리,양주시,99046045
1673,M,유통업 영리,양평군,351107503
1674,M,유통업 영리,여주시,19591776
1675,M,유통업 영리,연천군,44604690
1676,M,유통업 영리,오산시,62904652
1677,M,유통업 영리,용인시 기흥구,43626970
1678,M,유통업 영리,용인시 수지구,23404500
1679,M,유통업 영리,용인시 처인구,25774300
1680,M,유통업 영리,의정부시,99428640
1681,M,유통업 영리,이천시,34131560
1682,M,유통업 영리,파주시,49633800
1683,M,유통업 영리,평택시,657200
1684,M,유통업 영리,하남시,261445136
1685,M,유통업 영리,화성시,193420431
1686,M,음료식품,가평군,11267920
1687,M,음료식품,고양시 덕양구,82158636
1688,M,음료식품,고양시 일산동구,39234333
1689,M,음료식품,고양시 일산서구,61401742
1690,M,음료식품,과천시,14986090
1691,M,음료식품,광명시,78703515
1692,M,음료식품,광주시,18820097
1693,M,음료식품,구리시,33934870
1694,M,음료식품,군포시,203004065
1695,M,음료식품,남양주시,93611759
1696,M,음료식품,동두천시,7778500
1697,M,음료식품,부천시,423477694
1698,M,음료식품,성남시 분당구,23000
1699,M,음료식품,성남시 중원구,41500
1700,M,음료식품,수원시 권선구,45296050
1701,M,음료식품,수원시 영통구,54924690
1702,M,음료식품,수원시 장안구,56641249
1703,M,음료식품,수원시 팔달구,36524410
1704,M,음료식품,시흥시,5000
1705,M,음료식품,안산시 단원구,46145630
1706,M,음료식품,안산시 상록구,40569495
1707,M,음료식품,안성시,14376520
1708,M,음료식품,양주시,40408276
1709,M,음료식품,양평군,98508985
1710,M,음료식품,여주시,12885585
1711,M,음료식품,연천군,33883249
1712,M,음료식품,오산시,46793715
1713,M,음료식품,용인시 기흥구,31100681
1714,M,음료식품,용인시 수지구,19855302
1715,M,음료식품,용인시 처인구,20201329
1716,M,음료식품,의왕시,11504
1717,M,음료식품,의정부시,72614732
1718,M,음료식품,이천시,14854870
1719,M,음료식품,파주시,37632671
1720,M,음료식품,평택시,20000
1721,M,음료식품,포천시,231000
1722,M,음료식품,하남시,107894608
1723,M,음료식품,화성시,191198299
1724,M,의류,가평군,691223
1725,M,의류,고양시 덕양구,3480100
1726,M,의류,고양시 일산동구,6176500
1727,M,의류,고양시 일산서구,4667900
1728,M,의류,과천시,2671400
1729,M,의류,광명시,5025780
1730,M,의류,광주시,1848000
1731,M,의류,구리시,3151310
1732,M,의류,군포시,12780390
1733,M,의류,남양주시,7927750
1734,M,의류,동두천시,967700
1735,M,의류,부천시,22708780
1736,M,의류,수원시 권선구,1541320
1737,M,의류,수원시 영통구,2139100
1738,M,의류,수원시 장안구,2765400
1739,M,의류,수원시 팔달구,2516720
1740,M,의류,안산시 단원구,10461590
1741,M,의류,안산시 상록구,5301500
1742,M,의류,안성시,927800
1743,M,의류,양주시,3644200
1744,M,의류,양평군,10461850
1745,M,의류,여주시,382200
1746,M,의류,연천군,1509000
1747,M,의류,오산시,2903120
1748,M,의류,용인시 기흥구,1980920
1749,M,의류,용인시 수지구,1211500
1750,M,의류,용인시 처인구,3960750
1751,M,의류,의정부시,6974454
1752,M,의류,이천시,6024150
1753,M,의류,파주시,1124400
1754,M,의류,하남시,13178260
1755,M,의류,화성시,23592127
1756,M,의원,가평군,1587200
1757,M,의원,고양시 덕양구,45625500
1758,M,의원,고양시 일산동구,28444161
1759,M,의원,고양시 일산서구,63477240
1760,M,의원,과천시,13746110
1761,M,의원,광명시,28053110
1762,M,의원,광주시,6488580
1763,M,의원,구리시,19333388
1764,M,의원,군포시,183786932
1765,M,의원,남양주시,41182720
1766,M,의원,동두천시,2778200
1767,M,의원,부천시,132549647
1768,M,의원,수원시 권선구,15936530
1769,M,의원,수원시 영통구,27859734
1770,M,의원,수원시 장안구,12027850
1771,M,의원,수원시 팔달구,17733360
1772,M,의원,안산시 단원구,47421370
1773,M,의원,안산시 상록구,18561690
1774,M,의원,안성시,8333490
1775,M,의원,안양시 동안구,200000
1776,M,의원,양주시,58445120
1777,M,의원,양평군,48175320
1778,M,의원,여주시,6458360
1779,M,의원,연천군,5638889
1780,M,의원,오산시,17098880
1781,M,의원,용인시 기흥구,31178920
1782,M,의원,용인시 수지구,31899890
1783,M,의원,용인시 처인구,17783530
1784,M,의원,의정부시,22844510
1785,M,의원,이천시,23452860
1786,M,의원,파주시,21142010
1787,M,의원,하남시,125841278
1788,M,의원,화성시,165651690
1789,M,일반휴게음식,가평군,72624500
1790,M,일반휴게음식,고양시 덕양구,553538540
1791,M,일반휴게음식,고양시 일산동구,459805363
1792,M,일반휴게음식,고양시 일산서구,369910136
1793,M,일반휴게음식,과천시,162713720
1794,M,일반휴게음식,광명시,357666606
1795,M,일반휴게음식,광주시,157756701
1796,M,일반휴게음식,구리시,152697226
1797,M,일반휴게음식,군포시,842596003
1798,M,일반휴게음식,김포시,85000
1799,M,일반휴게음식,남양주시,617283309
1800,M,일반휴게음식,동두천시,57386130
1801,M,일반휴게음식,부천시,1554886355
1802,M,일반휴게음식,성남시 분당구,401000
1803,M,일반휴게음식,수원시 권선구,254438410
1804,M,일반휴게음식,수원시 영통구,335577448
1805,M,일반휴게음식,수원시 장안구,257938334
1806,M,일반휴게음식,수원시 팔달구,289372275
1807,M,일반휴게음식,시흥시,835904
1808,M,일반휴게음식,안산시 단원구,431919853
1809,M,일반휴게음식,안산시 상록구,271398488
1810,M,일반휴게음식,안성시,83428143
1811,M,일반휴게음식,양주시,428405578
1812,M,일반휴게음식,양평군,731642589
1813,M,일반휴게음식,여주시,67912945
1814,M,일반휴게음식,연천군,250810087
1815,M,일반휴게음식,오산시,137313946
1816,M,일반휴게음식,용인시 기흥구,209747210
1817,M,일반휴게음식,용인시 수지구,148697312
1818,M,일반휴게음식,용인시 처인구,155832595
1819,M,일반휴게음식,의정부시,442142601
1820,M,일반휴게음식,이천시,122125350
1821,M,일반휴게음식,파주시,272160880
1822,M,일반휴게음식,평택시,189000
1823,M,일반휴게음식,하남시,574803623
1824,M,일반휴게음식,화성시,1074198561
1825,M,자동차정비 유지,가평군,2211640
1826,M,자동차정비 유지,고양시 덕양구,15727710
1827,M,자동차정비 유지,고양시 일산동구,12709690
1828,M,자동차정비 유지,고양시 일산서구,14374470
1829,M,자동차정비 유지,과천시,403300
1830,M,자동차정비 유지,광명시,4837390
1831,M,자동차정비 유지,광주시,4988980
1832,M,자동차정비 유지,구리시,2832232
1833,M,자동차정비 유지,군포시,20228878
1834,M,자동차정비 유지,남양주시,17704789
1835,M,자동차정비 유지,동두천시,1213985
1836,M,자동차정비 유지,부천시,28750901
1837,M,자동차정비 유지,수원시 권선구,10563746
1838,M,자동차정비 유지,수원시 영통구,3808200
1839,M,자동차정비 유지,수원시 장안구,6289786
1840,M,자동차정비 유지,수원시 팔달구,2588488
1841,M,자동차정비 유지,안산시 단원구,11132455
1842,M,자동차정비 유지,안산시 상록구,9576092
1843,M,자동차정비 유지,안성시,6636510
1844,M,자동차정비 유지,양주시,12230465
1845,M,자동차정비 유지,양평군,40895232
1846,M,자동차정비 유지,여주시,2015000
1847,M,자동차정비 유지,연천군,12422600
1848,M,자동차정비 유지,오산시,2042114
1849,M,자동차정비 유지,용인시 기흥구,8219665
1850,M,자동차정비 유지,용인시 수지구,5105400
1851,M,자동차정비 유지,용인시 처인구,5387815
1852,M,자동차정비 유지,의정부시,8697070
1853,M,자동차정비 유지,이천시,1707601
1854,M,자동차정비 유지,파주시,3768133
1855,M,자동차정비 유지,하남시,15265160
1856,M,자동차정비 유지,화성시,21123235
1857,M,자동차판매,고양시 덕양구,79000
1858,M,자동차판매,고양시 일산서구,1100000
1859,M,자동차판매,광명시,64000
1860,M,자동차판매,광주시,15000
1861,M,자동차판매,구리시,141000
1862,M,자동차판매,군포시,298000
1863,M,자동차판매,남양주시,70000
1864,M,자동차판매,동두천시,55000
1865,M,자동차판매,부천시,215100
1866,M,자동차판매,수원시 영통구,55000
1867,M,자동차판매,수원시 장안구,65000
1868,M,자동차판매,안산시 단원구,15000
1869,M,자동차판매,양주시,99000
1870,M,자동차판매,오산시,136000
1871,M,자동차판매,용인시 기흥구,90000
1872,M,자동차판매,의정부시,160000
1873,M,전기제품,가평군,54000
1874,M,전기제품,고양시 덕양구,468800
1875,M,전기제품,고양시 일산동구,265600
1876,M,전기제품,고양시 일산서구,112700
1877,M,전기제품,광명시,98000
1878,M,전기제품,광주시,55000
1879,M,전기제품,구리시,9900
1880,M,전기제품,군포시,701200
1881,M,전기제품,남양주시,390200
1882,M,전기제품,동두천시,239000
1883,M,전기제품,부천시,3406650
1884,M,전기제품,성남시 분당구,46200
1885,M,전기제품,수원시 권선구,90100
1886,M,전기제품,수원시 영통구,327600
1887,M,전기제품,수원시 장안구,38000
1888,M,전기제품,수원시 팔달구,197000
1889,M,전기제품,안산시 단원구,1415890
1890,M,전기제품,안산시 상록구,641350
1891,M,전기제품,안성시,16500
1892,M,전기제품,양주시,160000
1893,M,전기제품,양평군,6434820
1894,M,전기제품,연천군,79500
1895,M,전기제품,오산시,1147900
1896,M,전기제품,용인시 기흥구,5500
1897,M,전기제품,용인시 수지구,64000
1898,M,전기제품,용인시 처인구,412670
1899,M,전기제품,의정부시,246650
1900,M,전기제품,이천시,160750
1901,M,전기제품,파주시,100000
1902,M,전기제품,화성시,104200
1903,M,주방용구,고양시 덕양구,576500
1904,M,주방용구,고양시 일산동구,286900
1905,M,주방용구,고양시 일산서구,690500
1906,M,주방용구,광명시,582920
1907,M,주방용구,광주시,304600
1908,M,주방용구,구리시,78800
1909,M,주방용구,군포시,514000
1910,M,주방용구,남양주시,151000
1911,M,주방용구,동두천시,181300
1912,M,주방용구,부천시,1834800
1913,M,주방용구,수원시 권선구,13000
1914,M,주방용구,수원시 장안구,95550
1915,M,주방용구,수원시 팔달구,349000
1916,M,주방용구,안산시 단원구,386100
1917,M,주방용구,안산시 상록구,363000
1918,M,주방용구,양주시,1802100
1919,M,주방용구,양평군,939100
1920,M,주방용구,여주시,145000
1921,M,주방용구,연천군,131700
1922,M,주방용구,오산시,636500
1923,M,주방용구,용인시 수지구,357000
1924,M,주방용구,용인시 처인구,48000
1925,M,주방용구,의정부시,373100
1926,M,주방용구,이천시,143500
1927,M,주방용구,파주시,143000
1928,M,주방용구,포천시,10500
1929,M,주방용구,하남시,724300
1930,M,주방용구,화성시,158000
1931,M,직물,가평군,123000
1932,M,직물,고양시 덕양구,1365900
1933,M,직물,고양시 일산동구,125400
1934,M,직물,고양시 일산서구,548000
1935,M,직물,과천시,94000
1936,M,직물,광명시,2643010
1937,M,직물,광주시,723000
1938,M,직물,구리시,415000
1939,M,직물,군포시,2402500
1940,M,직물,남양주시,1468000
1941,M,직물,동두천시,34000
1942,M,직물,부천시,4697400
1943,M,직물,수원시 권선구,540000
1944,M,직물,수원시 영통구,485000
1945,M,직물,수원시 장안구,271004
1946,M,직물,수원시 팔달구,679920
1947,M,직물,안산시 단원구,6281500
1948,M,직물,안산시 상록구,1981000
1949,M,직물,안성시,285000
1950,M,직물,양주시,700500
1951,M,직물,양평군,1683500
1952,M,직물,여주시,104000
1953,M,직물,연천군,130000
1954,M,직물,오산시,1235800
1955,M,직물,용인시 기흥구,75000
1956,M,직물,용인시 수지구,21000
1957,M,직물,용인시 처인구,485900
1958,M,직물,의정부시,1988000
1959,M,직물,이천시,786000
1960,M,직물,파주시,1587300
1961,M,직물,하남시,1572340
1962,M,직물,화성시,1555000
1963,M,학원,가평군,990000
1964,M,학원,고양시 덕양구,161413905
1965,M,학원,고양시 일산동구,123671214
1966,M,학원,고양시 일산서구,130167100
1967,M,학원,과천시,43769200
1968,M,학원,광명시,110138541
1969,M,학원,광주시,14254500
1970,M,학원,구리시,39402000
1971,M,학원,군포시,340643822
1972,M,학원,남양주시,139706856
1973,M,학원,동두천시,4210000
1974,M,학원,부천시,453711825
1975,M,학원,수원시 권선구,25723420
1976,M,학원,수원시 영통구,99741536
1977,M,학원,수원시 장안구,28247810
1978,M,학원,수원시 팔달구,20478300
1979,M,학원,안산시 단원구,81171520
1980,M,학원,안산시 상록구,36896750
1981,M,학원,안성시,13782000
1982,M,학원,안양시 동안구,21004
1983,M,학원,양주시,73790664
1984,M,학원,양평군,48303860
1985,M,학원,여주시,10977300
1986,M,학원,연천군,28331573
1987,M,학원,오산시,23081300
1988,M,학원,용인시 기흥구,91944366
1989,M,학원,용인시 수지구,69653720
1990,M,학원,용인시 처인구,31746520
1991,M,학원,의정부시,59050840
1992,M,학원,이천시,33563300
1993,M,학원,파주시,74070800
1994,M,학원,하남시,277075593
1995,M,학원,화성시,676595238
1996,M,회원제형태,가평군,515004
1997,M,회원제형태,고양시 덕양구,39903360
1998,M,회원제형태,고양시 일산동구,29411034
1999,M,회원제형태,고양시 일산서구,37115800
2000,M,회원제형태,과천시,12903000
2001,M,회원제형태,광명시,30637018
2002,M,회원제형태,광주시,3597000
2003,M,회원제형태,구리시,14528900
2004,M,회원제형태,군포시,102740660
2005,M,회원제형태,남양주시,23921450
2006,M,회원제형태,동두천시,3923000
2007,M,회원제형태,부천시,96422850
2008,M,회원제형태,수원시 권선구,7153500
2009,M,회원제형태,수원시 영통구,17075150
2010,M,회원제형태,수원시 장안구,13058800
2011,M,회원제형태,수원시 팔달구,2269500
2012,M,회원제형태,안산시 단원구,34777600
2013,M,회원제형태,안산시 상록구,7762750
2014,M,회원제형태,안성시,1280000
2015,M,회원제형태,양주시,19710100
2016,M,회원제형태,양평군,13327000
2017,M,회원제형태,여주시,470000
2018,M,회원제형태,연천군,7018500
2019,M,회원제형태,오산시,8038000
2020,M,회원제형태,용인시 기흥구,15401700
2021,M,회원제형태,용인시 수지구,17543200
2022,M,회원제형태,용인시 처인구,1556000
2023,M,회원제형태,의정부시,23568900
2024,M,회원제형태,이천시,9327200
2025,M,회원제형태,파주시,8671500
2026,M,회원제형태,하남시,30686300
2027,M,회원제형태,화성시,67204325
